0,1,2,3,4,5,6,7,8,9,10,11,12,13,14,15,16,17,18,19,20,21,22,23,24,25,26,27,28,29,30,31,32,33,34,35,36,37,38,39,40,41,42,43,44
372.82382319465665,59.44250457088895,-27.28498821346858,866.0180505562564,893.3030387697249,2.1560900396654374,38.46123656460995,1009.2676826870565,18467.696486660738,894777.175667176,0.0,351.0,351.0,866.0180505562564,-27.28498821346858,344.9867500313208,39.96075697365613,-27.28498821346858,383.858669797702,411.1436580111706,-5.31436396997897,38.54250874145046,837.6836133188696,16993.199041739335,827968.20007517,0.0,307.0,308.0,383.858669797702,-27.28498821346858,399.0599278714945,49.07290023292925,370.4030591718818,866.0180505562564,495.6149913843746,6.114771949643634,46.91810524256091,990.3519747506107,19672.21249209869,957743.8268915869,0.0,314.0,313.0,866.0180505562564,370.4030591718818
375.1498995871017,77.3441047545186,295.2758998443861,1069.7210447527,774.4451449083139,6.277170200471251,46.26874831591384,1180.9882874892671,18727.845715564566,900359.759009044,0.0,355.0,356.0,1069.7210447527,295.2758998443861,345.01961037671487,20.21073150707351,294.1545989589011,407.0322214310588,112.87762247215773,0.1359061300183395,0.08124741703476435,579.3711479870362,16921.499389327262,828047.0649041157,0.0,446.0,446.0,407.0322214310588,294.1545989589011,410.76817795076715,74.88508953878758,342.3705370347565,1069.7210447527,727.3505077179434,5.824072670217549,41.30021968710816,1207.7117651810233,20419.434043518057,985843.6270818412,0.0,428.0,428.0,1069.7210447527,342.3705370347565
374.98217166298116,168.27284688920776,-151.3756195404764,1742.5015760437063,1893.8771955841828,5.247763369575272,36.70366449240504,1949.7715643703289,20040.56144431725,899957.2119911549,0.0,336.0,336.0,1742.5015760437063,-151.3756195404764,332.1807152379115,65.29980648304739,-151.3756195404764,454.1268586214293,605.5024781619056,-3.363438255610827,18.67554843381884,1077.1068924755498,16549.902183053746,797233.7165709876,0.0,420.0,421.0,454.1268586214293,-151.3756195404764,421.8014671914715,168.68999067828514,350.9671771568083,1742.5015760437063,1391.534398886898,5.8532947598129725,35.61947603050327,1959.493692262612,22168.786211738927,1012323.5212595315,0.0,406.0,406.0,1742.5015760437063,350.9671771568083
373.9641239007013,50.74231936097359,26.163687327983578,794.6285608470441,768.4648735190606,2.052328492461867,38.710235173376475,922.8528402655548,18465.25981644163,897513.8973616831,0.0,374.0,373.0,794.6285608470441,26.163687327983578,349.4395604365691,37.032863145784745,26.163687327983578,380.86853410307526,354.7048467750917,-4.657942336801671,29.60559160308081,815.4792071600663,17195.512440889757,838654.9450477657,0.0,320.0,320.0,380.86853410307526,26.163687327983578,398.23156684234243,41.36101365879414,368.90799132456846,794.6285608470441,425.72056952247567,6.261278554631412,48.43057775913835,902.8464932432977,19593.436209176132,955755.7604216218,0.0,322.0,322.0,794.6285608470441,368.90799132456846
373.03032944106684,29.345717368416416,141.2839115711113,652.2233483904478,510.9394368193365,2.2625540431896733,51.486635159556734,781.6997499656078,18314.465873914272,895272.7906585603,0.0,355.0,356.0,652.2233483904478,141.2839115711113,347.727240542693,32.317141702368524,123.34309740335117,377.8783984084485,254.53530100509732,-2.9782251983017534,11.561052592333278,766.2858385716125,17091.32884024519,834545.3773024632,0.0,317.0,318.0,377.8783984084485,123.34309740335117,394.96188460751495,29.182955009132023,370.7768261337101,652.2233483904478,281.4465222567377,4.1327845494480915,26.080038175133403,790.6931924115105,19385.72899452992,947908.5230580359,0.0,347.0,348.0,652.2233483904478,370.7768261337101
373.2869827548556,309.28793899229595,-2250.8246441302445,1037.2033190736347,3288.027963203879,-5.511162597815319,40.161182808505934,3246.4008679311873,23525.861580088374,895888.7586116535,0.0,335.0,334.0,1037.2033190736347,-2250.8246441302445,308.7173384729036,276.88697963238695,-2250.8246441302445,388.7176403014704,2639.542284431715,-7.365358718712055,56.31903856288883,3108.2262210254094,20076.693869058818,740921.6123349685,0.0,486.0,487.0,388.7176403014704,-2250.8246441302445,428.55310014819815,120.85348235764593,370.0292922100535,1037.2033190736347,667.1740268635813,3.1572128550222476,9.515112164898824,1421.6014598986926,21767.200704644067,1028527.4403556754,0.0,467.0,467.0,1037.2033190736347,370.0292922100535
373.81165812752215,48.061039971689695,-881.7162629530466,414.8813276294539,1296.5975905825005,-18.034234460635897,375.5427448176762,1837.0964422056375,18372.074543135685,897147.9795060531,0.0,358.0,359.0,414.8813276294539,-881.7162629530466,360.51131652709483,46.66425574459728,-881.7162629530466,377.8783984084485,1259.5946613614951,-18.862533118911912,400.9057412339812,1802.4138256159022,17717.26879237147,865227.1596650276,0.0,470.0,471.0,377.8783984084485,-881.7162629530466,386.45043220551327,6.320575035709642,371.8981270191952,414.8813276294539,42.98320061025868,1.3060753527915827,3.570650894541012,488.50601678232664,18928.356738001097,927481.0372932319,0.0,456.0,456.0,414.8813276294539,371.8981270191952
382.0686375230124,76.05356194653757,281.820289218566,676.891967871118,395.071678652552,2.4072670879354106,5.765761226515199,841.5608297330256,19066.12668378482,916964.7300552297,0.0,333.0,333.0,676.891967871118,281.820289218566,321.71913371257045,43.037805299667276,235.09941899002388,418.245230285909,183.1458112958851,0.021280927475909133,-0.5754968297299761,614.218875910689,15889.4878460177,772125.9209101691,0.0,419.0,418.0,418.245230285909,235.09941899002388,471.65341440649627,86.07803489697959,336.3902656455032,676.891967871118,340.50170222561485,0.559064687180644,-0.4956887867489863,927.7439859533275,23469.524547544712,1131968.1945755912,0.0,328.0,328.0,676.891967871118,336.3902656455032
383.83624377999223,57.47145285957875,292.2857641497594,628.3022628334342,336.01649868367474,1.933623192962501,4.989896790851505,775.5905629605845,18997.847539067818,921206.9850719813,0.0,268.0,267.0,628.3022628334342,292.2857641497594,342.94567094726995,31.268090215139043,267.24337770726083,435.4385105300124,168.1951328227516,0.5037672140144484,0.3293708820529062,624.6511515430366,16858.957114486544,823069.6102734478,0.0,376.0,376.0,435.4385105300124,267.24337770726083,448.34904433649956,62.30874522158348,365.9178556299418,628.3022628334342,262.38440720349234,0.984239797054714,0.25510054633593393,841.5999827850177,22159.645713807648,1076037.706407599,0.0,353.0,353.0,628.3022628334342,365.9178556299418
372.1384280284039,57.945565647595565,-57.18634515973552,889.1916021896134,946.3779473493489,2.3375310077459055,44.34173819280119,1131.1044631933912,18415.968026638056,893132.2272681695,0.0,360.0,361.0,889.1916021896134,-57.18634515973552,337.4232640862562,43.37285985554519,-62.79284958716058,398.8093482708354,461.602197857996,-4.584977427432911,32.95963025600395,943.2710147036148,16639.586343344992,809815.833807015,0.0,269.0,269.0,398.8093482708354,-62.79284958716058,407.67167440825347,49.97522357060595,348.3508084240099,889.1916021896134,540.8407937656034,6.194141441890974,49.86035472958235,1051.8031333720544,20093.746071214675,978412.0185798083,0.0,293.0,293.0,889.1916021896134,348.3508084240099
374.13107314365124,30.598453882158037,181.6507434485717,623.0695253678375,441.4187819192658,2.06064778878189,29.862183005826225,767.5288980494653,18373.776967256785,897914.5755447631,0.0,368.0,367.0,623.0695253678375,181.6507434485717,359.4875065241534,20.46796189974848,181.6507434485717,392.829076881582,211.17833343301032,-3.9212206870205564,27.544783532250868,619.1027985157436,17628.8741351213,862770.0156579682,0.0,423.0,422.0,392.829076881582,181.6507434485717,388.8990730141911,25.118786934389156,361.43265208800176,623.0695253678375,261.63687327983575,5.483205476897457,41.9205748723643,713.7331150859586,19078.439320774523,933357.7752340587,0.0,410.0,409.0,623.0695253678375,361.43265208800176
374.76787860486627,84.16312589491281,248.555029615844,746.786389733017,498.23136011717304,1.8983292847322268,4.629508003374507,966.3148623842242,18792.25326067321,899442.9086516792,0.0,406.0,405.0,746.786389733017,248.555029615844,321.97563129012514,73.8264308405288,110.26125373935936,475.0578084838161,364.7965547444567,-0.27540756026675106,0.23899259476588108,913.7595391402413,16157.035656004862,772741.5150963003,0.0,438.0,437.0,475.0578084838161,110.26125373935936,443.9172583228542,107.84587781500987,275.0924839056559,746.786389733017,471.6939058273611,0.6336195262727539,-0.3422222491691862,1167.5225120005427,22349.51293922396,1065401.41997485,0.0,422.0,422.0,746.786389733017,275.0924839056559
373.03578020926017,16.253062700020497,238.4633216464789,512.4345046666498,273.9711830201709,0.682354483399158,40.43360969889076,622.060085305484,18281.70380797641,895285.8725022244,0.0,350.0,350.0,512.4345046666498,238.4633216464789,359.7594219888835,12.416488153686306,238.4633216464789,377.1308644847919,138.667542838313,-4.277042086963209,31.894374090799566,549.0759123511989,17626.484101297872,863422.6127733205,0.0,420.0,421.0,377.1308644847919,238.4633216464789,387.11869638601553,13.573436182176026,368.1604574009118,512.4345046666498,144.27404726573798,4.369109649163426,29.495482628650457,589.6148212724211,18967.35749096049,929084.8713264372,0.0,425.0,425.0,512.4345046666498,368.1604574009118
373.0409195049853,104.88636648181604,-382.73736891221694,820.4184812131994,1203.1558501254162,-2.1872547154709685,20.054864198664383,1358.9061743982834,18935.126089004556,895298.2068119647,0.0,304.0,305.0,820.4184812131994,-382.73736891221694,335.93520436947716,80.00249082009292,-382.73736891221694,418.9927642095656,801.7301331217825,-5.9074211633628195,43.352477603559144,1159.1790636058417,16877.889917632874,806244.4904867453,0.0,305.0,306.0,418.9927642095656,-382.73736891221694,408.6227555898725,61.84726824168013,354.33107981326333,820.4184812131994,466.087401399936,3.3250529468130026,14.68597543574406,1006.4286472567023,20221.311523181346,980694.6134156939,0.0,307.0,307.0,820.4184812131994,354.33107981326333
373.8136826985654,67.64093252071018,-109.13995285387432,644.7480091538811,753.8879620077554,-1.4701166948164304,19.847346467746004,1011.7027709093692,18582.926943922965,897152.8384765569,0.0,325.0,326.0,644.7480091538811,-109.13995285387432,345.0435937567655,48.670040926903944,-109.13995285387432,393.2028438434104,502.3427966972847,-6.274438361338909,47.841287270402795,898.6651072733343,17047.27696051056,828104.6250162373,0.0,285.0,285.0,393.2028438434104,-109.13995285387432,402.65618898921946,46.93371182102203,362.1801860116584,644.7480091538811,282.56782314222266,2.9749684991146497,9.277865087188301,892.1041285399211,19839.546915989078,966374.8535741267,0.0,310.0,311.0,644.7480091538811,362.1801860116584
373.4453665049304,236.81312169383907,-887.6965343423,2688.879523393055,3576.576057735355,5.409349722878681,54.70284528569848,2903.89547933373,21467.83506397475,896268.8796118328,0.0,327.0,328.0,2688.879523393055,-887.6965343423,327.4960135800956,108.05017920365617,-887.6965343423,390.586475110612,1278.283009452912,-8.013230930266198,74.41660144231271,1779.8967563443869,16800.60474700438,785990.4325922295,0.0,279.0,280.0,390.586475110612,-887.6965343423,423.1596428890152,207.77262836656476,367.4129234772551,2688.879523393055,2321.4665999158,8.735781175640483,80.42360561985292,2841.231652981001,22919.160521669237,1015583.1429336364,0.0,327.0,328.0,2688.879523393055,367.4129234772551
373.2765484271713,39.676383559473045,51.20607377048216,821.5397820986844,770.3337083282023,3.474815717579151,66.2518097861225,990.1674757537326,18363.077117229164,895863.716225211,0.0,355.0,355.0,821.5397820986844,51.20607377048216,349.9472605597192,31.86104699681268,51.20607377048216,375.6357966374785,324.42972286699637,-3.9401376226334968,24.846831776062864,819.3315457007378,17195.243626997086,839873.4253433261,0.0,333.0,333.0,375.6357966374785,51.20607377048216,396.2222579500469,35.04675473571804,370.0292922100535,821.5397820986844,451.51048988863096,6.788533780641081,66.46956513984945,937.56993343618,19464.06455830874,950933.4190801127,0.0,344.0,343.0,821.5397820986844,370.0292922100535
373.7957730316444,72.42662440850317,198.8440236926752,1186.7101038049695,987.8660801122944,7.612582419299333,71.54641777999214,1247.6347018522285,18610.98486683653,897109.8552759467,0.0,348.0,348.0,1186.7101038049695,198.8440236926752,350.5225502084667,26.92929868698291,136.0511741055146,380.12100017941856,244.06982607390395,-3.3685944023332253,18.068160560150137,723.7308734979877,17207.417075800575,841254.12050032,0.0,325.0,326.0,380.12100017941856,136.0511741055146,400.37730067570527,71.36111510081935,367.0391565154268,1186.7101038049695,819.6709472895427,7.771437455094129,68.34292162224827,1290.492790681418,19881.679212398303,960905.5216216927,0.0,331.0,331.0,1186.7101038049695,367.0391565154268
374.4395866233937,59.90245404268719,-43.35696757208705,759.8682333970088,803.2252009690958,0.08341601632013712,28.028154699771424,1010.1019862643287,18549.49145534257,898655.007896145,0.0,379.0,378.0,759.8682333970088,-43.35696757208705,347.25925315923706,47.60838354677426,-43.35696757208705,386.101271568672,429.4582391407591,-4.845962075094821,29.57959265320399,851.7992273322205,17150.153092292534,833422.207582169,0.0,323.0,322.0,386.101271568672,-43.35696757208705,403.5955899532814,55.07634699219665,363.67525385897176,759.8682333970088,396.19297953803704,4.635534917939474,23.128427139747295,955.5102152480874,19932.429113761762,968629.4158878752,0.0,335.0,335.0,759.8682333970088,363.67525385897176
374.10413077515284,69.80548652375364,-108.766185892046,960.954858860654,1069.7210447527,1.933520081043657,39.270416740995294,1196.4720784149795,18605.17536692452,897849.9138603668,0.0,350.0,349.0,960.954858860654,-108.766185892046,348.43630761652815,46.98031498342941,-108.766185892046,394.6979116907237,503.4640975827697,-6.053213058630017,46.92786771484425,971.926926439581,17196.84224376611,836247.1382796676,0.0,340.0,339.0,394.6979116907237,-108.766185892046,399.15383682065385,55.46718676232834,362.9277199353151,960.954858860654,598.0271389253389,7.210967563251576,59.656690142192105,1109.2278189539497,19711.17855076153,957969.2083695693,0.0,317.0,317.0,960.954858860654,362.9277199353151
374.3248090188656,99.67720121349518,151.3756195404764,1397.5146702761513,1246.1390507356748,7.286767331323962,64.36464695833777,1480.151484012785,18919.307825536664,898379.5416452775,0.0,354.0,355.0,1397.5146702761513,151.3756195404764,351.17197030464337,31.89524413636121,151.3756195404764,398.0618143471787,246.6861948067023,-3.632359907800902,15.623816193925796,695.2912205597428,17260.65793941253,842812.7287311442,0.0,375.0,374.0,398.0618143471787,151.3756195404764,400.8865581611964,92.70517651765199,369.6555252482252,1397.5146702761513,1027.859145027926,8.492991413924809,76.59155059183256,1487.5727452898072,20102.67158288841,962127.7395868714,0.0,379.0,379.0,1397.5146702761513,369.6555252482252
373.76462578482545,181.09668763321807,-148.75925080767811,2451.537502632061,2600.2967534397394,8.180904443604623,80.73126596003574,2557.707768486097,20185.35471064433,897035.101883581,0.0,342.0,343.0,2451.537502632061,-148.75925080767811,341.71924810377067,54.86589367803139,-148.75925080767811,389.465174225127,538.2244250328051,-4.967468234220182,33.3124443897644,1045.239029048086,16922.914090812596,820126.1954490496,0.0,348.0,347.0,389.465174225127,-148.75925080767811,410.23883049107775,170.4416274357118,370.4030591718818,2451.537502632061,2081.134443460179,9.503621113533192,95.47104854700173,2527.677735762368,21615.777493248355,984573.1931785867,0.0,342.0,341.0,2451.537502632061,370.4030591718818
383.18106144315396,409.32288449309755,-1534.6871452671512,3466.314803995996,5001.001949263147,3.4542186246138473,29.935876238174664,4363.397203860763,27119.28914860462,919634.5474635696,0.0,381.0,382.0,3466.314803995996,-1534.6871452671512,294.66541380673317,216.7581926173995,-1610.188071556475,476.5528763311295,2086.7409478876043,-6.698075790557728,48.496856638536535,2830.24539897751,17695.707936308696,707196.9931361596,0.0,453.0,453.0,476.5528763311295,-1610.188071556475,472.1741963733105,356.4271184455087,347.6032745003533,3466.314803995996,3118.711529495643,6.552980307525369,44.752638164973064,4118.420880149205,28688.179437111587,1133218.0712959454,0.0,423.0,422.0,3466.314803995996,347.6032745003533
371.7333580835225,183.36143333649392,-428.336938255274,1760.8161571732949,2189.153095428569,3.727309504339092,29.481526883108522,2132.2195813682943,20193.828043495563,892160.059400454,0.0,364.0,365.0,1760.8161571732949,-428.336938255274,317.31335565001893,89.24842769359569,-428.336938255274,395.8192125762087,824.1561508314827,-5.512080325754589,35.640691960062675,1353.4932771763151,16091.468857621701,761552.0535600454,0.0,466.0,466.0,395.8192125762087,-428.336938255274,428.7705079309949,159.28230018407316,352.83601196595,1760.8161571732949,1407.9801452073448,6.420306292540596,43.64679723032306,2044.592071899025,22314.471590327335,1029049.2190343877,0.0,481.0,482.0,1760.8161571732949,352.83601196595
373.55142288034915,58.24299458673016,146.51664903670806,930.3059679907304,783.7893189540224,4.628281754350796,38.35409213408357,1098.549335953005,18488.704066184553,896523.414912838,0.0,332.0,333.0,930.3059679907304,146.51664903670806,343.3211510076733,28.696769866481997,146.51664903670806,396.56674649986536,250.0500974631573,-2.0649022626026703,9.367565612944748,715.4332127139588,16862.714992258927,823970.7624184159,0.0,367.0,367.0,396.56674649986536,146.51664903670806,407.3915049231163,50.32684203710533,349.4721093094949,930.3059679907304,580.8338586812356,6.125425579641971,49.75763513249314,1095.2488433647845,20079.888951938614,977739.6118154791,0.0,364.0,365.0,930.3059679907304,349.4721093094949
374.78952594140554,76.08844988476595,217.9061387459204,1107.0977409355337,889.1916021896133,5.843998383972347,46.30744551167404,1230.757347634103,18694.950512324038,899494.8622593733,0.0,290.0,291.0,1107.0977409355337,217.9061387459204,337.691286145134,31.031476426336805,217.9061387459204,397.6880473853504,179.78190863943,-0.4499687191953553,0.050324042661128665,719.1227663022893,16597.5576483142,810459.0867483215,0.0,293.0,293.0,397.6880473853504,217.9061387459204,417.93157751044134,67.87522779474368,356.5736815842334,1107.0977409355337,750.5240593513004,6.623980388536477,55.47126578758077,1239.6990959865461,20705.564136722776,1003035.7860250592,0.0,318.0,318.0,1107.0977409355337,356.5736815842334
373.7654044659959,77.73738894949982,69.894421861899,1226.3294017587732,1156.4349798968742,6.626331323925176,65.59206035361908,1338.629640864848,18654.567826775157,897036.9707183901,0.0,319.0,319.0,1226.3294017587732,69.894421861899,334.9403613060774,36.19422039187221,69.894421861899,408.90105624020055,339.00663437830156,-2.0603848606790947,12.338596045071698,800.6975040590299,16484.751888908857,803856.8671345857,0.0,345.0,345.0,408.90105624020055,69.894421861899,413.64509340320666,72.06379166769132,349.8458762713233,1226.3294017587732,876.4835254874499,7.417940810209765,70.11000199516133,1347.4193875318545,20525.436635372123,992748.2241676961,0.0,354.0,354.0,1226.3294017587732,349.8458762713233
373.863829765944,68.3333848413213,-63.16661654898895,984.5021774558392,1047.6687940048282,3.6216357564323323,44.681509642426306,1194.218861746953,18580.59516186072,897273.1914382657,0.0,333.0,333.0,984.5021774558392,-63.16661654898895,340.680331686122,43.0546085377514,-63.16661654898895,398.8093482708354,461.97596481982436,-4.16483726992441,30.659538543512966,930.259565728445,16796.871960404496,817632.7960466926,0.0,362.0,361.0,398.8093482708354,-63.16661654898895,409.3811910499158,57.351003580377444,352.08847804229333,984.5021774558392,632.4136994135458,6.8514391732723405,58.94082264787024,1132.0930731809965,20219.678497611025,982514.858519798,0.0,375.0,376.0,984.5021774558392,352.08847804229333
374.03607404085324,85.71962145082296,-41.48813276294537,852.188672968608,893.6768057315534,1.1378843434636527,12.998838721590976,1190.0814533349264,18761.282412985234,897686.5776980477,0.0,278.0,279.0,852.188672968608,-41.48813276294537,340.76380630759695,47.02651808737158,-41.48813276294537,387.2225724541569,428.71070521710226,-5.214085016885172,33.26573643889188,898.279512907378,16828.208762048413,817833.1351382327,0.0,439.0,439.0,387.2225724541569,-41.48813276294537,406.9741318157414,59.58799107809144,364.4227877826284,852.188672968608,487.7658851859796,5.335816437404028,31.32840660930148,1022.338009676054,20124.205309748988,976737.9163577792,0.0,460.0,459.0,852.188672968608,364.4227877826284
374.2723259079756,96.92784282819414,-281.4465222567377,938.902608112782,1220.3491303695196,-0.32525122970990367,24.470555698661816,1341.139800468401,18892.87743065473,898253.5821791415,0.0,368.0,368.0,938.902608112782,-281.4465222567377,344.57887683422564,66.9188419341166,-281.4465222567377,386.47503853050034,667.921560787238,-7.140067335614476,53.935099701247836,1106.6418794153346,17160.591621195916,826989.3044021415,0.0,486.0,485.0,386.47503853050034,-281.4465222567377,403.58920476768344,67.05726544733967,365.9178556299418,938.902608112782,572.9847524828401,6.2167532004954085,40.46921983704817,1115.0083689882001,20011.770827874603,968614.0914424403,0.0,507.0,507.0,938.902608112782,365.9178556299418
373.377776979333,505.88711970607,-6481.866652027018,981.1382747993842,7463.004926826402,-10.72713444827114,126.34034525854962,8648.193756200037,29563.614902425237,896106.6647503994,0.0,326.0,326.0,981.1382747993842,-6481.866652027018,309.88504875614893,486.5776330386708,-6481.866652027018,377.8783984084485,6859.7450504354665,-11.721357346123233,141.83669641658048,8420.41280455083,26977.478303200158,743724.1170147575,0.0,445.0,446.0,377.8783984084485,-6481.866652027018,432.50911196668284,110.93411261754473,371.15059309553845,981.1382747993842,609.9876817038457,3.2870109793617113,10.620620058279764,1403.6700800020137,21829.31360739473,1038021.8687200388,0.0,409.0,410.0,981.1382747993842,371.15059309553845
375.21172687203745,100.36097059352818,-354.3310798132634,1233.80474099534,1588.1358208086033,1.8221057134206848,42.01909092640889,1559.1349596025655,18963.752074407552,900508.14449289,0.0,318.0,317.0,1233.80474099534,-354.3310798132634,350.92107923151616,63.4822258236374,-354.3310798132634,390.96024207244034,745.2913218857037,-8.193360658350102,75.14803578973019,1218.0938165835457,17428.071605340785,842210.5901556386,0.0,372.0,372.0,390.96024207244034,-354.3310798132634,401.65760825620146,77.53126224944666,367.0391565154268,1233.80474099534,866.7655844799131,8.014284960937568,71.35083170008352,1425.7189994929474,19989.576270773927,963978.2598148835,0.0,377.0,376.0,1233.80474099534,367.0391565154268
374.0718933746951,281.38339139225457,-1463.2976555579387,2605.5294909053364,4068.8271464632753,1.884260327196966,34.92150555233044,3322.9747334916465,22689.495044953783,897772.5440992683,0.0,349.0,350.0,2605.5294909053364,-1463.2976555579387,326.7238733314519,174.85667468367416,-1463.2976555579387,447.0252863466909,1910.3229419046297,-7.807561155272225,65.55067818421458,2527.5951660572505,17977.41063900075,784137.2959954846,0.0,371.0,372.0,447.0252863466909,-1463.2976555579387,422.46303471390763,220.90161560567475,344.2393718438982,2605.5294909053364,2261.2901190614384,7.720934493393744,62.79848622882636,3012.321319302154,23159.87942571795,1013911.2833133783,0.0,376.0,376.0,2605.5294909053364,344.2393718438982
373.783625605385,355.0332711249401,-1587.7620538467747,2924.3527093449075,4512.114763191682,2.124085724603213,27.66929856662263,3490.3451996117165,25012.961921589056,897080.701452924,0.0,370.0,371.0,2924.3527093449075,-1587.7620538467747,309.15558023564734,208.51503809329049,-1587.7620538467747,421.609132942364,2009.3711867891388,-7.0045054811511145,52.07457975574105,2572.402458942222,18086.359803834344,741973.3925655535,0.0,376.0,376.0,421.609132942364,-1587.7620538467747,440.5183150137277,280.3587080809261,360.68511816434506,2924.3527093449075,2563.6675911805623,6.923860808590988,49.94701606496402,3137.6631624119327,25387.650707020104,1057243.9560329465,0.0,366.0,365.0,2924.3527093449075,360.68511816434506
375.60978868638466,33.07797435471195,241.827224302934,473.9365075983311,232.1092832953971,-0.27789916340123916,0.967561854615258,787.331939579988,18455.475778304306,901463.4928473232,0.0,324.0,323.0,473.9365075983311,241.827224302934,346.252418405812,50.604074119534275,-927.3158322961036,377.1308644847919,1304.4466967808955,-15.569872536851266,312.6045178595916,1848.7030726922815,17043.06075549528,831005.8041739489,0.0,467.0,467.0,377.1308644847919,-927.3158322961036,401.12171987468,17.80761683336392,361.43265208800176,473.9365075983311,112.50385551032934,0.851290699745569,1.8157157688872902,637.8524599819513,19659.88131025484,962692.1276992322,0.0,465.0,464.0,473.9365075983311,361.43265208800176
375.74247595783373,108.74485582752213,79.61236286943574,740.8061183437636,661.1937554743279,0.030342533319346672,0.3004291938666137,1414.836308386078,19110.653646575378,901781.9422988008,0.0,63.0,64.0,740.8061183437636,79.61236286943574,238.72168805884274,77.19682784079222,-58.681413007048896,413.0124928203122,471.6939058273611,-0.6037935592150158,0.4633002060872973,1132.1773300005907,12238.950995957912,572932.0513412226,0.0,139.0,140.0,413.0124928203122,-58.681413007048896,517.9011579558575,71.59560789280009,334.1476638745332,740.8061183437636,406.65845446923043,0.2783383936357844,-0.03928894103241287,1378.5332278991152,25576.03845976378,1242962.7790940576,0.0,120.0,119.0,740.8061183437636,334.1476638745332
375.7736232046527,157.65639145499588,-162.96239535715483,1156.061212935046,1319.0236082922006,0.9740361303311237,3.7550968013804655,2104.1864331060638,19852.446908274153,901856.6956911664,0.0,63.0,63.0,1156.061212935046,-162.96239535715483,234.36932752458583,105.46718338776876,-162.96239535715483,403.29455181277547,566.2569471699303,-1.0043045688020378,0.6844562125872606,1514.2932049163514,12499.298235666118,562486.386059006,0.0,121.0,121.0,403.29455181277547,-162.96239535715483,530.6456769367992,147.55163110175306,341.9967700729282,1156.061212935046,814.0644428621176,1.186284929984014,1.0737307274341137,2257.804710661201,26887.868673260808,1273549.624648318,0.0,121.0,121.0,1156.061212935046,341.9967700729282
374.30643214324243,91.98014167153327,-136.05117410551463,652.9708823141044,789.022056419619,-2.7907681326175884,14.234748075922107,1050.811771259211,18853.4707275639,898335.4371437818,0.0,350.0,351.0,652.9708823141044,-136.05117410551463,353.5238989119482,80.49283768361774,-136.05117410551463,451.1367229268026,587.1878970323172,-4.283946993699091,19.603255148339475,973.8011697104957,17735.599705973025,848457.3573886757,0.0,477.0,477.0,451.1367229268026,-136.05117410551463,394.2468995567842,54.91061428619338,210.05703254752527,652.9708823141044,442.9138497665791,0.9773660296657994,8.780304191228653,838.321308219014,19482.48242590261,946192.5589362821,0.0,498.0,498.0,652.9708823141044,210.05703254752527
373.2620649574004,208.6141100874442,-618.2105548640691,879.4736611820766,1497.6842160461456,-2.487556166862527,9.937394163288156,1604.3167747757102,20886.664794537843,895828.9558977609,0.0,348.0,347.0,879.4736611820766,-618.2105548640691,344.2921664272565,202.10228067062442,-623.0695253678375,686.6099088786548,1309.6794342464923,-3.10097801976092,10.960273112951917,1534.2978616976097,19497.788505075387,826301.1994254156,0.0,469.0,469.0,686.6099088786548,-623.0695253678375,404.6167524402432,161.210129152915,-251.54516531047076,879.4736611820766,1131.0188264925473,-1.2308575214310293,6.3111580864126715,1378.8207227130326,21292.887696292153,971080.2058565837,0.0,429.0,429.0,879.4736611820766,-251.54516531047076
375.84012257661135,41.89613571977305,303.4987730046095,580.4600917194072,276.96131871479764,2.9751973214823084,10.677574374422292,721.2123232647338,18512.332489687404,902016.2941838673,0.0,298.0,297.0,580.4600917194072,303.4987730046095,346.97565747694983,20.1440064185548,294.9021328825578,401.0519500418054,106.14981715924762,0.023196662461743598,-0.22514357119016326,579.9896504536814,17017.007460424185,832741.5779446797,0.0,363.0,362.0,401.0519500418054,294.9021328825578,411.398131017682,50.21355431664597,356.199914622405,580.4600917194072,224.26017709700216,1.7332026013737456,2.372745431094828,769.1393341488782,20289.30754031175,987355.5144424367,0.0,390.0,390.0,580.4600917194072,356.199914622405
375.1081622763642,69.71660693133941,222.76510924968875,605.876245123734,383.1111358740452,0.8175870412265175,1.1669583391389566,914.0096228984398,18668.804976787807,900259.589463274,0.0,268.0,268.0,605.876245123734,222.76510924968875,334.5918236141725,39.97845424138122,201.46039242547357,393.95037776706704,192.48998534159347,-1.0271565979540647,0.35875733912588936,672.9705864967409,16494.4544362304,803020.3766740139,0.0,325.0,325.0,393.95037776706704,201.46039242547357,421.27897212608224,58.1931850343491,343.1180709584132,605.876245123734,262.7581741653207,1.5213555585275518,1.5916870347984937,909.9888985282189,20814.45954476542,1011069.5331025975,0.0,329.0,328.0,605.876245123734,343.1180709584132
373.1662871734319,65.13773549198747,219.0274396314054,617.4630209404124,398.43558130900703,0.2924354095767264,0.19112641353330195,996.5424432345029,18530.98241005102,895599.0892162365,0.0,108.0,108.0,617.4630209404124,219.0274396314054,319.17175613147623,44.333264837672694,159.2247257388715,380.12100017941856,220.89627444054705,-0.9112894318207161,0.18212809822078535,830.3038991751472,15764.425499038562,766012.214715543,0.0,240.0,240.0,380.12100017941856,159.2247257388715,431.13832163417743,50.32129026676393,359.56381727886003,617.4630209404124,257.8992036615524,0.9916160796940011,0.4775599286117287,1017.3958175629377,21240.406513905495,1034731.9719220258,0.0,227.0,228.0,617.4630209404124,359.56381727886003
374.4849058675154,64.4495003053613,168.94266674640826,594.2894693070556,425.34680256064735,0.2682850396691063,0.9881006237071173,1040.319510917152,18586.55896244691,898763.7740820372,0.0,169.0,170.0,594.2894693070556,168.94266674640826,328.6497076022724,41.66429251493519,149.50678473133473,377.8783984084485,228.37161367711377,-1.450775131415809,2.365726883085521,811.7319211303167,16209.034390580095,788759.2982454537,0.0,288.0,288.0,377.8783984084485,149.50678473133473,422.9962755794494,46.95872367536721,357.32121550789,594.2894693070556,236.9682537991656,1.1249080922397139,0.8279988884758152,924.8031030866957,20829.283937294946,1015191.0613906785,0.0,299.0,299.0,594.2894693070556,357.32121550789
370.8057930732519,79.69958645122261,194.3588201507352,660.8199885124995,466.46116836176435,0.504090988913473,0.36982631126187915,1115.6639882170468,18547.042850077898,889933.9033758044,0.0,123.0,122.0,660.8199885124995,194.3588201507352,317.46722304930495,44.18988947696558,194.3588201507352,390.586475110612,196.22765495987682,-0.5863856296147111,-0.4613765283112157,790.9260750369741,15682.668065291802,761921.3353183318,0.0,254.0,254.0,390.586475110612,194.3588201507352,428.8488432567447,53.54264954362948,348.72457538583825,660.8199885124995,312.0954131266613,1.2634320845525648,2.1563294385160376,955.6709133099896,21150.750406171715,1029237.2238161874,0.0,256.0,257.0,660.8199885124995,348.72457538583825
375.3405207376341,61.78451265650299,281.0727552949093,637.6464368791426,356.57368158423327,2.080347018658939,5.278958447713922,823.2258262315167,18617.118393224697,900817.2497703219,0.0,301.0,300.0,637.6464368791426,281.0727552949093,328.2586539184595,30.851673204191385,238.83708860830723,399.9306491563205,161.09356054801327,-0.26385690430778047,0.28321932292136864,623.1975047645383,16140.167035644721,787820.7694043028,0.0,404.0,404.0,399.9306491563205,238.83708860830723,431.8118808466388,56.92769060301829,343.8656048820699,637.6464368791426,293.7808319970727,1.1789558547267367,1.4563631338777534,839.576454179658,21320.894473076845,1036348.5140319334,0.0,353.0,354.0,637.6464368791426,343.8656048820699
376.34097030546127,66.73142671006828,171.18526851737826,549.8112008494835,378.6259323321052,-0.12157039589592546,1.207030450193948,942.4102097426943,18700.730605393313,903218.3287331071,0.0,31.0,31.0,549.8112008494835,171.18526851737826,328.79952585947194,55.48549787820928,87.46146906783085,392.829076881582,305.3676078137512,-1.9545454634527206,4.461136618353802,790.9307848729007,16316.405036834418,789118.8620627326,0.0,61.0,60.0,392.829076881582,87.46146906783085,426.3008427307142,53.79127508469267,341.6230031110999,549.8112008494835,208.18819773838362,0.6689353722992503,-0.5744790664527621,901.6007061738137,21030.67520690187,1023122.022553714,0.0,57.0,57.0,549.8112008494835,341.6230031110999
373.48258746487915,100.0788676096182,92.69420653342752,716.1374988630934,623.4432923296658,0.45162910422434277,1.489670116833668,1097.6838889443038,18910.50356271654,896358.2099157099,0.0,25.0,25.0,716.1374988630934,92.69420653342752,316.9470640274272,74.25452037371049,78.49106198395074,418.245230285909,339.7541683019582,-0.9852480893131833,0.495281098807681,880.0649250786832,15923.300731548476,760672.9536658252,0.0,58.0,57.0,418.245230285909,78.49106198395074,434.04171224641306,84.94764216919766,333.4001299508765,716.1374988630934,382.7373689122169,1.2268418190323984,0.9460380709919884,1144.3536914008137,21636.783456437035,1041700.1093913915,0.0,57.0,57.0,716.1374988630934,333.4001299508765
365.35175441900594,79.89494140371762,205.9455959674136,653.3446492759329,447.3990533085192,1.1656686184286063,2.2008925567991047,935.7825379780893,18297.556277467575,876844.2106056142,0.0,24.0,24.0,653.3446492759329,205.9455959674136,321.86926344223815,47.33905716313631,166.3262980136099,410.3961240875138,244.0698260739039,-0.787013296276059,0.9520756563373696,717.2098554401074,15921.794868039355,772486.2322613717,0.0,69.0,70.0,410.3961240875138,166.3262980136099,415.70719687886043,66.0881133206312,343.49183792024155,653.3446492759329,309.8528113556913,1.8164211771773722,2.870124638293372,944.7418918659309,20599.50805674102,997697.272509265,0.0,79.0,79.0,653.3446492759329,343.49183792024155
360.6843394831746,120.3610628614714,124.09063132700784,731.0881773362269,606.997546009219,0.7551656842522707,0.9662682999152863,1231.4840186116883,18586.968413263116,865642.414759619,0.0,34.0,34.0,731.0881773362269,124.09063132700784,303.388200278402,81.46984598752528,69.894421861899,452.2580238122876,382.3636019503886,-0.5224168709193155,-0.20668679537543921,962.5409577338622,15359.351581393074,728131.6806681647,0.0,59.0,59.0,452.2580238122876,69.894421861899,426.1818602478655,88.58175023597889,321.813354134198,731.0881773362269,409.27482320202887,1.504500097820088,1.983150900287169,1101.2078995366824,21296.33376692052,1022836.4645948771,0.0,72.0,72.0,731.0881773362269,321.813354134198
371.0068485514687,115.68902854382652,15.32444543496179,669.0428616727229,653.7184162377611,-0.3647012519584873,0.3596148169049118,1547.0357180138963,18975.74134734149,890416.4365235248,0.0,60.0,61.0,669.0428616727229,15.32444543496179,303.13201417331544,74.6017641346729,-5.606504427425053,428.7107052171024,434.31720964452745,-1.7507307961560021,3.3021258950799006,1157.183223018049,15249.642157684522,727516.8340159571,0.0,215.0,216.0,428.7107052171024,-5.606504427425053,438.92279729542304,62.508444841716404,336.3902656455032,669.0428616727229,332.6525960272197,1.2208251907831824,0.9397377042509478,1124.4316551211086,21690.572141881526,1053414.7135090153,0.0,211.0,212.0,669.0428616727229,336.3902656455032
373.6627742877272,41.65842704452014,263.8794750508058,616.3417200549275,352.46224500412166,2.027256491543364,9.471170995695672,698.4152827397037,18405.828433683026,896790.6582905452,0.0,28.0,29.0,616.3417200549275,263.8794750508058,336.84626133893374,28.55430966472683,249.676330501329,437.6811123009824,188.00478179965341,-0.07243444014419144,0.7267107635383403,583.9993823254,16550.913885031085,808431.027213441,0.0,69.0,69.0,437.6811123009824,249.676330501329,414.1327035521586,44.33602328424811,336.7640326073315,616.3417200549275,279.57768744759596,1.2809310184590228,2.3718207318665088,804.8744303049544,20388.329186582127,993918.4885251805,0.0,60.0,60.0,616.3417200549275,336.7640326073315
375.0170565794186,41.67201456747823,272.1023482110292,467.20870228542105,195.10635407439185,-0.17111199574355004,-0.6684513129045953,655.6185060201097,18473.456721231436,900040.9357906044,0.0,22.0,22.0,467.20870228542105,272.1023482110292,349.9643915454697,26.372327014992138,258.2729706233808,402.1732509272904,143.9002803039096,-0.8529969798245516,0.4179160776533162,562.041663041625,17184.10571213262,839914.5397091273,0.0,51.0,51.0,402.1732509272904,258.2729706233808,398.97458441521036,25.417170192254304,347.22950753852496,467.20870228542105,119.9791947468961,0.40241969641768144,-0.3260400709243063,599.0735288853607,19576.141464207936,957539.0025965049,0.0,62.0,62.0,467.20870228542105,347.22950753852496
375.3634139640462,39.03172672641682,288.9218614933044,483.2806816440396,194.3588201507352,0.17820092457527914,-0.24499699037968004,662.5529045310242,18476.250361214326,900872.1935137108,0.0,21.0,20.0,483.2806816440396,291.5382302261027,353.3695643039599,26.83976174418737,245.93866088304563,408.52728927837217,162.58862839532654,-0.811695312671084,1.3895782349328107,611.5338478533804,17350.591881586697,848086.9543295038,0.0,68.0,67.0,408.52728927837217,245.93866088304563,396.36709264775544,27.433740917163643,352.83601196595,483.2806816440396,130.4446696780896,0.68476108623713,0.11312372015389949,586.9230561129107,19455.54622172273,951281.0223546131,0.0,68.0,68.0,483.2806816440396,352.83601196595
373.84342831927756,25.924767813374572,311.3478792030046,550.5587347731403,239.21085557013566,0.34938912792686305,1.619880814835375,726.333111188902,18344.1229327663,897224.2279662662,0.0,397.0,396.0,550.5587347731403,311.3478792030046,342.55601888956386,25.52153779329597,159.59849270069984,397.6880473853504,238.08955468465055,-0.5332943888946122,1.3140505427831788,714.5487783854303,16813.083000105376,822134.4453349533,0.0,481.0,480.0,397.6880473853504,159.59849270069984,404.88072535703446,25.4330250389567,356.5736815842334,550.5587347731403,193.98505318890687,1.0648229774870084,1.0406161582693447,748.2137131561851,19860.029040947906,971713.7408568827,0.0,482.0,482.0,550.5587347731403,356.5736815842334
373.44941564701685,36.93592139618964,294.1545989589011,479.1692450639278,185.0146461050267,0.35780697537415246,-0.46767743511617654,734.6343026051807,18369.792063303197,896278.5975528405,0.0,396.0,396.0,479.1692450639278,294.1545989589011,338.63442477881415,22.393089009935476,285.184191875021,393.57661080523866,108.39241893021767,0.07089398765474127,-0.4420350707381435,621.427597792526,16614.24586113816,812722.6194691539,0.0,483.0,483.0,393.57661080523866,285.184191875021,409.9390382404446,23.743772087551033,354.7048467750917,479.1692450639278,124.4643982888361,0.2127510140313227,-0.1776668504975456,685.5928892029465,20104.801383693033,983853.691777067,0.0,480.0,480.0,479.1692450639278,354.7048467750917
375.8176965589017,67.16748886621387,226.1290119061438,598.4009058871673,372.2718939810235,0.6933808028481315,0.7078054971880068,908.7022084795929,18680.879276793694,901962.4717413639,0.0,31.0,30.0,598.4009058871673,226.1290119061438,336.38979843680085,39.24271206211813,198.8440236926752,410.3961240875138,211.5521003948386,-0.5973476045657381,0.25823070887920974,694.0486366976227,16576.902761116704,807335.5162483221,0.0,65.0,64.0,410.3961240875138,198.8440236926752,418.7404715103315,59.99912442390174,347.6032745003533,598.4009058871673,250.79763138681398,0.9825984455934053,0.125028591752685,908.957583782292,20703.57799754612,1004977.1316247955,0.0,70.0,70.0,598.4009058871673,347.6032745003533
375.0807526991635,68.00491953752082,239.5846225319639,637.6464368791426,398.0618143471787,1.0853736180020197,1.5910300598516858,1000.3554857934788,18647.89170941489,900193.8064779923,0.0,389.0,390.0,637.6464368791426,239.5846225319639,332.83153696019514,36.01789746426151,231.3617493717405,405.9109205455738,174.5491711738333,-0.44540021719574724,-0.2617250440569734,707.4524898868258,16385.28001633873,798795.6887044683,0.0,500.0,500.0,405.9109205455738,231.3617493717405,424.6045636689499,61.08243215068354,349.4721093094949,637.6464368791426,288.1743275696477,1.142031751917851,0.6186317779272299,916.4503628589456,20995.4365600403,1019050.9528054798,0.0,455.0,456.0,637.6464368791426,349.4721093094949
373.4030062492565,120.37301067901717,-432.44837483538566,1060.3768707069917,1492.8252455423774,-1.670839706843601,23.326400620900092,1568.8832687844492,19155.817016016823,896167.2149982157,0.0,370.0,370.0,1060.3768707069917,-432.44837483538566,328.23233449489743,90.92578356926866,-432.44837483538566,393.95037776706704,826.3987526024528,-6.052435332157805,40.75307785529284,1304.4111867554054,16634.543093137276,787757.6027877538,0.0,454.0,454.0,393.95037776706704,-432.44837483538566,416.3005519307629,69.70920685956676,344.6131388057266,1060.3768707069917,715.7637319012651,6.29503152489021,47.9811582141567,1262.9026312921885,20639.823940264356,999121.3246338309,0.0,444.0,444.0,1060.3768707069917,344.6131388057266
374.8455909856798,60.36995249517661,-128.9496018307762,789.3958233814474,918.3454252122235,-2.1099676192075347,39.38593646606896,1027.3937050222348,18571.845841609196,899629.4183656315,0.0,338.0,337.0,789.3958233814474,-128.9496018307762,347.89185374213156,50.149898213717144,-128.9496018307762,378.2521653702769,507.2017672010531,-6.0813537842483685,46.28343223954823,927.2091994888068,17194.33898580408,834940.4489811157,0.0,327.0,328.0,378.2521653702769,-128.9496018307762,400.311424248683,39.984389434591556,369.2817582863968,789.3958233814474,420.1140650950506,5.786241847963172,44.80738040757153,905.773021915861,19687.934018344542,960747.4181968393,0.0,304.0,304.0,789.3958233814474,369.2817582863968
373.08826332015025,78.67719918451269,87.46146906783085,941.8927438074088,854.4312747395779,2.8689637941813424,20.905499327439138,1196.4818104839042,18641.145904536497,895411.8319683606,0.0,335.0,334.0,941.8927438074088,87.46146906783085,341.17027787858535,44.80194986816556,83.72379944954747,401.4257170036338,317.7019175540863,-2.804416079060299,11.302518813899363,773.3656042165553,16839.6081121145,818808.6669086047,0.0,442.0,442.0,401.4257170036338,83.72379944954747,408.3349550292647,68.33143609975465,335.6427317218465,941.8927438074088,606.2500120855623,5.089899644167215,31.715138089712973,1166.8318071369542,20248.812140803446,980003.8920702352,0.0,425.0,426.0,941.8927438074088,335.6427317218465
373.272810757553,79.74071183556141,69.52065490007062,924.325696601477,854.8050417014064,1.297900763713165,17.24089681847416,1163.2585290609836,18662.94840839178,895854.7458181272,0.0,374.0,374.0,924.325696601477,69.52065490007062,341.9094020456008,51.920456595978536,68.39935401458563,404.7896196600888,336.3902656455032,-3.4005566562011835,13.167932541990213,755.8185671407598,16925.229497478664,820582.5649094421,0.0,441.0,442.0,404.7896196600888,68.39935401458563,406.48402988704396,62.63888489543825,338.6328674164732,924.325696601477,585.6928291850038,5.252762475040393,34.44230628674965,1075.4129382503213,20119.90155299514,975561.6717289055,0.0,461.0,460.0,924.325696601477,338.6328674164732
374.1916545387143,96.25139017713497,75.87469325115237,1135.5040300344874,1059.629336783335,3.1771045095029606,26.33442380902902,1343.1720292989473,18880.593940593946,898059.9708929143,0.0,331.0,331.0,1135.5040300344874,75.87469325115237,343.55148489789997,51.510015669762346,75.87469325115237,391.707775996097,315.8330827449446,-3.433526582514343,12.434519010148374,888.379884610543,16995.439151615417,824523.5637549601,0.0,440.0,440.0,391.707775996097,75.87469325115237,402.54826377899155,75.37777957567127,339.7541683019582,1135.5040300344874,795.7498617325292,7.185091236770761,57.73311712538159,1229.58900436069,20025.800989247065,966115.8330695797,0.0,465.0,466.0,1135.5040300344874,339.7541683019582
372.97332997938804,84.30076694708423,-6.354038351081737,966.1875963262509,972.5416346773326,1.2128898368139656,18.716545159346435,1266.3706499562725,18689.94498167401,895135.9919505313,0.0,355.0,354.0,966.1875963262509,-6.354038351081737,332.06329011740377,63.16810749542183,-6.354038351081737,385.35373764501526,391.707775996097,-2.956693262121622,9.86283122465136,864.0704497469818,16536.87862123411,796951.896281769,0.0,413.0,413.0,385.35373764501526,-6.354038351081737,413.169319208046,58.91347058664641,362.9277199353151,966.1875963262509,603.2598763909357,6.096565738150122,45.985052647424475,1101.295830851174,20416.130572082435,991606.3660993105,0.0,442.0,442.0,966.1875963262509,362.9277199353151
373.3703016400965,51.934134772608616,-56.81257819790721,739.6848174582786,796.4973956561859,-1.7742157875010502,38.97581653980134,935.7524473736058,18443.71044450072,896088.7239362317,0.0,352.0,352.0,739.6848174582786,-56.81257819790721,349.40093785051346,43.55967845028705,-56.81257819790721,376.0095635993068,432.822141797214,-5.848469910177686,43.148487126208366,866.2959560322346,17227.82161547385,838562.2508412324,0.0,326.0,326.0,376.0095635993068,-56.81257819790721,397.2669366083572,36.185498275727156,365.1703217062851,739.6848174582786,374.51449575199354,5.410632820104343,39.59203209857661,841.412608787405,19524.472001058984,953440.6478600572,0.0,333.0,333.0,739.6848174582786,365.1703217062851
373.17641002864804,169.87174322907669,-958.3384901278556,1452.0846467030883,2410.423136830944,-1.976459774725526,34.31400623613134,2022.9210709434872,19984.711443993005,895623.3840687554,0.0,341.0,340.0,1452.0846467030883,-958.3384901278556,332.1022241759276,131.84662606124002,-958.3384901278556,387.5963394159853,1345.9348295438408,-7.479772158911896,60.46296406204026,1808.4479815539594,17411.218342011754,797045.3380222261,0.0,310.0,311.0,387.5963394159853,-958.3384901278556,413.10967223038756,104.11409374970896,350.9671771568083,1452.0846467030883,1101.11746954628,7.591993791196255,62.993248695989635,1656.5731390860208,20805.148290102385,991463.2133529303,0.0,310.0,310.0,1452.0846467030883,350.9671771568083
373.68660193154375,30.351309061896515,103.53344842644933,641.384106497426,537.8506580709767,-0.8381468199854762,50.21569966256536,799.4448048628825,18349.70834165419,896847.844635705,0.0,347.0,347.0,641.384106497426,103.53344842644933,351.9758807450425,30.19284797770627,90.82537172428584,376.75709752296353,285.9317257986777,-4.099587460852544,24.849290840833337,763.2578928964475,17289.712150800522,844742.113788102,0.0,351.0,350.0,376.75709752296353,90.82537172428584,396.17475839864795,26.965338493307307,373.0194279046801,641.384106497426,268.364678592746,3.9282547463019224,25.44114066239177,777.8825587732964,19437.866743504594,950819.420156755,0.0,329.0,328.0,641.384106497426,373.0194279046801
372.8549704414757,81.25378308664513,-298.2660355390128,1027.4853780660978,1325.7514136051107,-0.6230992796383166,43.84974887582639,1324.2815399729882,18647.828114823973,894851.9290595416,0.0,352.0,351.0,1027.4853780660978,-298.2660355390128,343.8774408358611,62.04924346656262,-298.2660355390128,375.6357966374785,673.9018321764913,-7.019546131730146,59.36017167482395,1148.1100335023439,17079.99327823043,825305.8580060666,0.0,325.0,326.0,375.6357966374785,-298.2660355390128,400.5426925563143,55.45999104733292,369.2817582863968,1027.4853780660978,658.2036197797011,8.057680021256983,76.10191215895958,1169.9825096092877,19775.129909271545,961302.4621351543,0.0,333.0,333.0,1027.4853780660978,369.2817582863968
368.6053958217216,308.72578776853936,-2299.7881161297564,1164.2840860952692,3464.0722022250256,-5.798485254321936,42.80047418183776,3341.769264441702,23316.69568897996,884652.9499721319,0.0,360.0,360.0,1164.2840860952692,-2299.7881161297564,307.6109882658917,284.06889937227794,-2299.7881161297564,374.1407287901652,2673.9288449199216,-7.149404075436452,53.87501574582121,3067.3157999260497,20281.981092721544,738266.3718381401,0.0,498.0,499.0,374.1407287901652,-2299.7881161297564,425.3214175544898,103.88172527901456,359.93758424068835,1164.2840860952692,804.3465018545809,4.503670887522177,23.584924212321756,1559.4017261367283,21392.138669205902,1020771.4021307756,0.0,464.0,465.0,1164.2840860952692,359.93758424068835
372.24464014005684,184.75292924316486,-3638.995140360687,562.519277551647,4201.514417912334,-16.22796763998846,298.05121231733926,4852.600434340923,19771.990030577774,893387.1363361364,0.0,408.0,409.0,562.519277551647,-3638.995140360687,319.9460766873973,178.55434448553484,-3638.995140360687,393.57661080523866,4032.5717511659254,-17.12151661561222,321.4566265867924,4725.650873092424,17316.5058264998,767870.5840497535,0.0,495.0,494.0,393.57661080523866,-3638.995140360687,417.64891624555867,29.089957267592183,357.69498246971835,562.519277551647,204.8242950819286,1.8515578509020902,5.865173218627403,941.4147632077626,20488.4885019716,1002357.3989893408,0.0,509.0,509.0,562.519277551647,357.69498246971835
373.08109945338185,62.88286025139186,172.3065694028633,536.7293571854917,364.42278778262846,-0.3961127410726818,0.2674741592239034,834.1709740311093,18516.187104926885,895394.6386881165,0.0,272.0,271.0,536.7293571854917,172.3065694028633,322.3218329385187,58.027843071842156,157.3558909297298,410.3961240875138,253.04023315778397,-0.807073448342047,0.22920031618096548,640.3511783368538,16031.549435828174,773572.3990524448,0.0,404.0,403.0,410.3961240875138,157.3558909297298,425.89001054517115,48.50661506514141,310.6003452793479,536.7293571854917,226.12901190614383,-0.30023935152927567,-0.10639098733100294,747.6967231285314,20985.838374952,1022136.0253084109,0.0,403.0,403.0,536.7293571854917,310.6003452793479
372.8939044999995,59.55622702410256,-118.85789386141116,857.7951773960331,976.6530712574443,-0.48918152941821086,41.02627232126276,1148.5414928422977,18463.834707250346,894945.3707999988,0.0,349.0,348.0,857.7951773960331,-118.85789386141116,333.1944023856368,51.212768797036134,-145.76911511305136,390.586475110612,536.3555902236634,-4.7668220581221235,35.031408081936064,1034.3215655244,16482.390506981803,799666.5657255282,0.0,277.0,278.0,390.586475110612,-145.76911511305136,412.53064491202184,45.51049524646319,361.43265208800176,857.7951773960331,496.3625253080313,5.370324456458061,42.398694995032265,1008.8467826848419,20307.358266769294,990073.5477888524,0.0,282.0,282.0,857.7951773960331,361.43265208800176
374.06753276014047,242.76721912964967,-1602.712732319908,2076.2754729564112,3678.988205276319,-1.5984846260265433,37.77966366819825,3154.6546681512436,21617.539502052412,897762.078624337,0.0,290.0,290.0,2076.2754729564112,-1602.712732319908,317.5617549434007,186.21372544556272,-1602.712732319908,393.2028438434104,1995.9155761633183,-8.070081896086931,68.93637203619711,2631.5202981620746,17841.68008661953,762148.2118641617,0.0,271.0,271.0,393.2028438434104,-1602.712732319908,426.2978837422663,152.4520341546799,342.3705370347565,2076.2754729564112,1733.9049359216547,8.267800828616302,73.67616827627037,2505.69085202509,22037.53918922348,1023114.9209814393,0.0,298.0,298.0,2076.2754729564112,342.3705370347565
373.8739526211602,142.64982021617965,157.72965789155816,1886.028089385788,1728.2984314942298,7.392638136749869,66.48013050712052,1975.5266027640548,19504.12734312506,897297.4862907846,0.0,334.0,334.0,1886.028089385788,157.72965789155816,343.49464117245526,47.92834331605517,151.74938650230476,389.465174225127,237.71578772282223,-2.540285646790013,5.575945200167588,809.4055165392381,16971.462216530224,824387.1388138926,0.0,304.0,303.0,389.465174225127,151.74938650230476,408.9415476610653,130.85091203092696,355.07861373692,1886.028089385788,1530.949475648868,8.967930197376385,84.80327729970935,1945.7312733220526,20944.366574585707,981459.7143865565,0.0,350.0,350.0,1886.028089385788,355.07861373692
374.2073838983579,16.323830201938204,239.5846225319639,509.4443689720232,269.8597464400593,0.07556986592976289,39.03243708097642,619.0144704670757,18339.333186269003,898097.721356059,0.0,363.0,364.0,509.4443689720232,239.5846225319639,361.868557807234,11.51660932361641,239.5846225319639,379.74723321759024,140.16261068562633,-5.805567444397164,49.97963696337139,544.1070958235565,17728.494365732113,868484.5387373617,0.0,448.0,449.0,379.74723321759024,239.5846225319639,385.89211780628216,11.412383910788819,370.7768261337101,509.4443689720232,138.66754283831312,6.28557475685882,56.706148345197185,571.5282514044751,18904.40375355843,926141.0827350772,0.0,440.0,441.0,509.4443689720232,370.7768261337101
373.194319695569,104.2370140251616,-435.8122774918408,830.1364222207361,1265.9486997125769,-3.1680637937298814,27.095474835697125,1355.9256292531486,18933.988447185213,895666.3672693656,0.0,314.0,314.0,830.1364222207361,-435.8122774918408,337.48073075663734,86.01560847641595,-435.8122774918408,403.29455181277547,839.1068293046162,-6.091990987768503,44.00296709086102,1211.1053750532744,17018.632502382847,809953.7538159295,0.0,294.0,293.0,403.29455181277547,-435.8122774918408,407.6291584163455,54.93328654876597,327.4198585616231,830.1364222207361,502.71656365911304,4.357705491985617,26.510180630499615,962.9008064640111,20127.168063747857,978309.9801992292,0.0,303.0,304.0,830.1364222207361,327.4198585616231
374.10023736930043,42.5949790335293,68.02558705275732,857.7951773960331,789.7695903432757,5.540851288564853,70.62555708769081,1031.1120862118848,18416.665699262412,897840.5696863211,0.0,352.0,353.0,857.7951773960331,68.02558705275732,352.03988833725566,28.79212555564087,68.02558705275732,378.2521653702769,310.22657831751957,-3.8131603922016026,24.91734666282794,805.9922364394344,17285.16541007477,844895.7320094134,0.0,353.0,352.0,378.2521653702769,68.02558705275732,397.6065973349186,39.493569935755865,366.2916225917701,857.7951773960331,491.503554804263,7.150186948078559,68.11536145737581,1001.5196149646854,19548.881154840936,954255.8336038047,0.0,313.0,314.0,857.7951773960331,366.2916225917701
374.1145651028372,84.15256700576487,206.31936292924195,1257.352059590525,1051.032696661283,6.84655891604046,60.83091026470142,1343.8365322681657,18737.613856313958,897874.9562468092,0.0,341.0,341.0,1257.352059590525,206.31936292924195,349.7416887307136,32.41605043018313,206.31936292924195,383.4849028358736,177.16553990663164,-2.4991854337850383,6.496263652172544,735.4282335352491,17191.4881060776,839380.0529537126,0.0,318.0,318.0,383.4849028358736,206.31936292924195,401.4489217025139,80.21410181128441,367.7866904390835,1257.352059590525,889.5653691514415,7.8853283938992185,67.29088520467623,1399.08970726463,20006.794877446802,963477.4120860335,0.0,339.0,339.0,1257.352059590525,367.7866904390835
373.6420613685925,52.304711237524074,11.213008854850106,661.5675224361562,650.354513581306,-2.3490778488476174,27.320336777376397,879.4849489932651,18462.191664151975,896740.9472846221,0.0,362.0,361.0,661.5675224361562,11.213008854850106,345.0002990836871,58.4899154309989,-128.20206790711958,378.6259323321052,506.8280002392248,-5.341862217678274,33.2858818652415,929.1187005284145,17117.47067239287,828000.717800849,0.0,323.0,323.0,378.6259323321052,-128.20206790711958,400.9957292612971,42.83433979959564,358.0687494315467,661.5675224361562,303.4987730046095,4.167395998411783,19.679667744459167,874.2573341438437,19737.10534597654,962389.750227113,0.0,331.0,332.0,661.5675224361562,358.0687494315467
374.1329419784604,71.97895689398449,-226.1290119061438,876.8572924492782,1102.9863043554221,-1.9028495604792384,39.4954019672964,1226.4994312305041,18624.476571619434,897919.060748305,0.0,353.0,354.0,876.8572924492782,-226.1290119061438,349.7286068870497,56.94317314788483,-226.1290119061438,381.6160680267319,607.7450799328757,-7.21328695459743,59.78067259268264,1080.302103851504,17325.104433403852,839348.6565289192,0.0,330.0,330.0,381.6160680267319,-226.1290119061438,397.58167953746346,46.07727506973169,351.7147110804649,876.8572924492782,525.1425813688134,7.100532095460158,60.486733962371446,1026.337190691205,19580.933818565467,954196.0308899123,0.0,349.0,348.0,876.8572924492782,351.7147110804649
373.7350359003473,100.40695438729523,11.213008854850106,1305.9417646282088,1294.7287557733587,4.245630720337161,42.74305712092774,1480.3195236405663,18900.563341471272,896964.0861608336,0.0,346.0,347.0,1305.9417646282088,11.213008854850106,348.5300608294534,55.205988125364385,2.990135694626684,386.8488054923286,383.8586697977019,-4.751436596943093,23.57477575605073,904.5315264555821,17263.603139022885,836472.1459906881,0.0,387.0,386.0,386.8488054923286,2.990135694626684,400.1222047242575,82.0954257529532,350.21964323315166,1305.9417646282088,955.7221213950572,8.693282792854424,80.81958453660079,1398.4520239879691,19961.31714791652,960293.2913382179,0.0,378.0,377.0,1305.9417646282088,350.21964323315166
373.2911876331762,284.1300859155425,-393.95037776706704,3605.7298807579655,3999.6802585250325,7.740978055375282,76.21765179620154,3732.4753788984217,22677.115052727117,895898.8503196228,0.0,350.0,349.0,3605.7298807579655,-393.95037776706704,332.3538939302253,102.33730746363914,-393.95037776706704,374.1407287901652,768.0911065572323,-4.37088828629067,19.437638875517845,1555.6800441097475,16965.162667747598,797649.3454325408,0.0,329.0,328.0,374.1407287901652,-393.95037776706704,418.322319721786,261.8607432164777,368.1604574009118,3605.7298807579655,3237.569423357054,9.768298211221772,99.7386708465565,3709.010352996247,23891.38570778372,1003973.5673322864,0.0,347.0,346.0,3605.7298807579655,368.1604574009118
374.2617358440571,324.12566448236197,-1033.8394164171798,3488.740821705696,4522.580238122876,5.544393192089785,51.20259547477111,3651.066602319972,23978.74092960175,898228.166025737,0.0,331.0,331.0,3488.740821705696,-1033.8394164171798,324.20032339417423,144.42968320248977,-1033.8394164171798,376.75709752296353,1410.5965139401433,-6.379511273038513,47.42184028140498,1949.6464050731176,17277.63752034538,778080.7761460181,0.0,312.0,312.0,376.75709752296353,-1033.8394164171798,428.9435308870746,284.3775051576997,368.5342243627401,3488.740821705696,3120.206597342956,8.643651996066984,77.79185798262856,3578.772994283278,24957.240780310643,1029464.474128979,0.0,333.0,333.0,3488.740821705696,368.5342243627401
373.1507135500223,139.50197406749828,6.727805312910053,1689.4266674640826,1682.6988621511725,6.261871405635238,50.8809892851197,1892.6358269284583,19424.297761476842,895561.7125200536,0.0,389.0,389.0,1689.4266674640826,6.727805312910053,329.254742871732,61.683151469037426,-185.3884130668551,391.707775996097,577.0961890629521,-4.51015927691733,28.125481569157376,1102.8049070019665,16373.643878072184,790211.3828921568,0.0,489.0,489.0,391.707775996097,-185.3884130668551,419.1497463335335,128.22815326100897,359.56381727886003,1689.4266674640826,1329.8628501852227,7.797085662150756,64.89112472323453,1882.3592544770838,21390.798245356593,1005959.3912004804,0.0,493.0,493.0,1689.4266674640826,359.56381727886003
367.77516595776035,249.62381432426415,-1818.750036256687,1877.431449263736,3696.181485520423,-2.8515330484779695,39.86408320003387,3157.7333900586264,21545.259597708166,882660.398298625,0.0,351.0,350.0,1877.431449263736,-1818.750036256687,306.87295425251483,198.42063785986144,-1818.750036256687,392.4553099197537,2211.205346176441,-8.142050980780649,71.66265168217683,2745.932298336814,17690.677737324357,736495.0902060356,0.0,409.0,410.0,392.4553099197537,-1818.750036256687,426.53133235717496,144.36402291475275,359.93758424068835,1877.431449263736,1517.4938650230479,7.593088786374161,63.20024465870567,2266.1748839036654,21943.38916444786,1023675.19765722,0.0,401.0,400.0,1877.431449263736,359.93758424068835
375.0474251450671,50.495693369571384,174.54917117383332,764.3534369389488,589.8042657651155,2.110114331301255,22.81091211492237,966.9396306763298,18514.04749175587,900113.820348161,0.0,381.0,381.0,764.3534369389488,174.54917117383332,347.1422952474316,30.82093084550071,174.54917117383332,378.6259323321052,204.0767611582719,-3.0942232186684153,10.889169753514423,697.7810279117326,17059.061775604718,833141.5085938359,0.0,470.0,471.0,378.6259323321052,174.54917117383332,402.7265817670305,37.62915562395046,364.0490208208001,764.3534369389488,400.3044161181487,6.15443619186209,48.14695289342114,896.1682541530317,19795.152176621326,966543.7962408732,0.0,480.0,479.0,764.3534369389488,364.0490208208001
374.78064897606214,60.75461822220323,189.87361660879512,922.083094830507,732.2094782217118,4.890687929909113,40.00145622417399,1056.5720498737203,18570.073663311385,899473.557542549,0.0,375.0,375.0,922.083094830507,189.87361660879512,344.54461486272476,28.789575970407437,189.12608268513844,386.8488054923286,197.72272280719017,-2.3658657045346887,8.032797973887956,719.0130985874396,16922.724819637104,826907.0756705394,0.0,444.0,444.0,386.8488054923286,189.12608268513844,406.8305430079056,56.23833734554146,371.5243600573668,922.083094830507,550.5587347731403,6.441598652283286,48.39674787753588,1085.68969723726,20090.756507133043,976393.3032189735,0.0,446.0,446.0,922.083094830507,371.5243600573668
372.8507655631551,116.7597987317513,-10.091707969365103,1570.9425405644995,1581.0342485338647,6.8366690711162645,61.647401468150434,1643.3479169086527,19069.890224596882,894841.8373515722,0.0,344.0,344.0,1570.9425405644995,-10.091707969365103,348.91737684364807,42.1803616161135,-10.091707969365103,377.8783984084485,387.97010637781364,-5.866179672393711,39.632216141187264,835.5533268025833,17197.554933330295,837401.7044247553,0.0,439.0,439.0,377.8783984084485,-10.091707969365103,401.5817647101971,106.47773798467531,369.6555252482252,1570.9425405644995,1201.2870153162744,8.703163832921094,79.601867161174,1653.5074441894112,20285.929285438822,963796.2353044731,0.0,467.0,467.0,1570.9425405644995,369.6555252482252
373.1195663032034,120.08910018831196,-436.9335783773258,1593.742325236028,2030.6759036133537,4.1345361181498514,53.7445690847338,1848.0901607926771,19113.335902954535,895486.9591276881,0.0,302.0,301.0,1593.742325236028,-436.9335783773258,328.07395074482264,64.80295388130953,-436.9335783773258,391.3340090342687,828.2675874115945,-7.013225106226609,69.23980849493326,1297.6831679765876,16331.34025024563,787377.4817875745,0.0,294.0,293.0,391.3340090342687,-436.9335783773258,419.37135899465085,98.32926889700788,350.21964323315166,1593.742325236028,1243.5226820028763,8.736018630047436,87.76274459183594,1738.6290074662274,21030.34773024008,1006491.2615871622,0.0,323.0,323.0,1593.742325236028,350.21964323315166
373.39303913027436,65.07458800184145,198.47025673084687,782.6680180685373,584.1977613376905,1.9303387131733731,10.249246504721109,1079.366195269986,18536.7721417574,896143.2939126586,0.0,304.0,303.0,782.6680180685373,198.47025673084687,333.5487023182032,37.86501358979824,198.47025673084687,400.3044161181487,201.83415938730184,-0.9882607731800344,1.2234545886005503,780.424877448988,16426.908643570456,800516.8855636877,0.0,328.0,328.0,400.3044161181487,198.47025673084687,414.3086854966861,49.824468765179574,341.6230031110999,782.6680180685373,441.04501495743744,3.444855715287834,17.439775172856308,1012.1157016114141,20418.070838458025,994340.8451920466,0.0,344.0,344.0,782.6680180685373,341.6230031110999
374.4981434474135,83.60507290416756,-184.6408791431984,719.8751684813767,904.5160476245751,-2.333516133854371,19.07773428335387,1183.1850436588284,18760.940156041004,898795.5442737925,0.0,274.0,274.0,719.8751684813767,-184.6408791431984,343.2903152333224,62.78827296204646,-184.6408791431984,377.8783984084485,562.5192775516468,-6.239055435746497,42.19923033982166,1005.5141839727909,17067.11457267309,823896.7565599738,0.0,448.0,449.0,377.8783984084485,-184.6408791431984,405.11619854298635,42.25876222035295,351.7147110804649,719.8751684813767,368.1604574009118,5.078869623489386,30.341196109234218,886.7858069153547,19934.52935155012,972278.8765031672,0.0,474.0,474.0,719.8751684813767,351.7147110804649
373.1949426405054,89.22590799819073,-265.3745428981192,800.2350652744692,1065.6096081725884,-2.8458121594018677,25.066040420585846,1251.947948152372,18756.28889797876,895667.8623372129,0.0,364.0,364.0,800.2350652744692,-265.3745428981192,342.44606910829265,84.73734304140142,-376.0095635993068,379.3734662557619,755.3830298550687,-6.638785394649338,45.16811158766217,1206.6763057595144,17240.1646866081,821870.5658599024,0.0,502.0,502.0,379.3734662557619,-376.0095635993068,401.1749816667406,49.674783441914,367.7866904390835,800.2350652744692,432.4483748353857,5.865306188642913,37.847305586832,962.1482889559225,19780.185811331627,962819.9560001774,0.0,482.0,481.0,800.2350652744692,367.7866904390835
372.9423384688031,48.43493039643416,132.68727144905958,469.4513040563911,336.7640326073315,-1.9353529656842943,7.174639810213531,760.0773132777857,18408.12090383069,895061.6123251274,0.0,287.0,287.0,469.4513040563911,132.68727144905958,343.7906957534701,41.866159032851584,132.68727144905958,412.6387258584839,279.9514544094243,-2.374654020964329,7.969934422284414,669.5271640589697,16953.444959587203,825097.6698083283,0.0,365.0,365.0,412.6387258584839,132.68727144905958,401.5197816890272,21.632121467211885,365.1703217062851,469.4513040563911,104.280982350106,0.918776374090578,0.3069354751650675,619.4287571183638,19689.15714435531,963647.4760536654,0.0,399.0,398.0,469.4513040563911,365.1703217062851
370.92991485182563,48.857905972419964,96.05810918988256,480.2905459494128,384.23243675953023,-2.5018065642758267,10.398453383499461,931.7508477096073,18305.03953715955,890231.7956443815,0.0,252.0,253.0,480.2905459494128,96.05810918988256,343.4068059364256,42.96778387543694,91.1991386861142,404.4158526982605,313.2167140121463,-3.3307743025378045,14.480753760271044,891.6075821298782,16931.14737619948,824176.3342474215,0.0,336.0,337.0,404.4158526982605,91.1991386861142,400.52961071265025,20.251028895291086,359.56381727886003,480.2905459494128,120.72672867055275,0.7770795837645806,1.3710273334282346,634.3932557381629,19636.68304338954,961271.0657103608,0.0,401.0,402.0,480.2905459494128,359.56381727886003
373.0689520271224,50.344390965189476,250.797631386814,575.6011212156387,324.8034898288247,0.9009182351833863,1.3424927119912842,920.7863925180254,18419.23326371662,895365.4848650938,0.0,248.0,247.0,575.6011212156387,250.797631386814,329.82831942190444,49.45236738545912,-894.0505726933817,380.4947671412469,1274.5453398346285,-14.29040111088964,283.6118595823439,1807.8024553113978,16238.511844410508,791587.9666125707,0.0,452.0,451.0,380.4947671412469,-894.0505726933817,414.10918738081017,30.923992697637996,353.5835458896066,575.6011212156387,222.0175753260321,1.5273212234626432,4.608296783863723,792.6344487242488,20328.163723879148,993862.0497139444,0.0,453.0,453.0,575.6011212156387,353.5835458896066
370.56860678872494,77.00736437807262,165.95253105178156,692.5901802679082,526.6376492161266,0.6606384871952136,3.520644469552971,1097.272951743014,18509.428291637705,889364.6562929398,0.0,371.0,371.0,692.5901802679082,165.95253105178156,311.3564446958798,96.3959232750314,-53.44867554145216,423.851734713334,477.30041025478613,-2.1436648113938803,4.080345017885371,966.4483048747006,15938.318634677093,747255.4672701117,0.0,474.0,475.0,423.851734713334,-53.44867554145216,418.8191183085495,65.52692686396537,292.2857641497594,692.5901802679082,400.30441611814877,2.301817742939145,6.3525927631720815,1091.5029365669134,20738.76510671339,1005165.8839405188,0.0,482.0,481.0,692.5901802679082,292.2857641497594
372.7904956405603,182.16590902096945,-1152.6973102785907,1640.089428502742,2792.786738781333,-1.9447820980279915,39.56836434725894,2415.29192061322,20182.75446654173,894697.1895373447,0.0,354.0,354.0,1640.089428502742,-1152.6973102785907,334.9883280661787,141.6866390190339,-1152.6973102785907,381.6160680267319,1534.3133783053227,-8.16039816142083,70.7246727679937,2129.076936402161,17690.916089334707,803971.9873588289,0.0,350.0,350.0,381.6160680267319,-1152.6973102785907,408.44272450325855,113.21801948057175,344.2393718438982,1640.089428502742,1295.8500566588439,8.26993371132677,74.2118980388352,1895.6967554552714,20677.316163727613,980262.5388078204,0.0,350.0,351.0,1640.089428502742,344.2393718438982
373.3164169030996,212.0199160804011,-1053.2752984322533,1547.3952219693144,2600.670520401568,-1.7336844851881479,23.128417336937915,2066.673508071397,20930.625439219388,895959.4005674389,0.0,121.0,122.0,1547.3952219693144,-1053.2752984322533,329.4564212948852,164.90557792673673,-1053.2752984322533,384.9799706831869,1438.2552691154401,-6.224869740462549,41.12638767545492,1772.7993573883766,17961.684276022803,790695.4111077245,0.0,95.0,96.0,384.9799706831869,-1053.2752984322533,416.4337064109142,124.09971660253517,342.7443039965849,1547.3952219693144,1204.6509179727295,6.76771760623785,50.024991797026,1647.7838980013405,21223.747544102433,999440.8953861941,0.0,99.0,99.0,1547.3952219693144,342.7443039965849
374.05959021220156,330.6077863037151,-5815.440159087093,739.3110504964503,6554.751209583544,-13.899094088797604,215.60339597613347,7014.233199632637,23429.330711047696,897743.0165092838,0.0,325.0,324.0,739.3110504964503,-5815.440159087093,332.27851759292327,320.5746244164636,-5815.440159087093,387.2225724541569,6202.66273154125,-14.892154992194996,236.36904258211746,6854.376363392128,21555.569397382867,797468.4422230157,0.0,414.0,414.0,387.2225724541569,-5815.440159087093,410.70417035855405,63.274759645176516,366.2916225917701,739.3110504964503,373.01942790468024,3.276559666730527,11.096189075534845,972.1081838136229,20334.474950150885,985690.0088605296,0.0,381.0,382.0,739.3110504964503,366.2916225917701
370.57872964394113,52.999569712432915,192.11621837976517,483.2806816440396,291.16446326427445,-1.4113518368329778,2.449415023124685,841.5527589261046,18319.98654923285,889388.9511454587,0.0,344.0,343.0,483.2806816440396,192.11621837976517,325.2906327690743,43.83981429895509,172.3065694028633,375.2620296756502,202.9554602727869,-1.537959254557523,1.5586126089470071,690.6894205347985,16065.153853248128,780697.5186457783,0.0,437.0,437.0,375.2620296756502,172.3065694028633,408.4011429287551,22.841206869800494,354.7048467750917,483.2806816440396,128.57583486894788,0.10739735522136312,0.38222938055280853,647.4148370518473,20028.294193291724,980162.7430290123,0.0,444.0,445.0,483.2806816440396,354.7048467750917
372.6878654622916,99.0919284917178,29.52758998443863,1024.4952423714717,994.9676523870331,3.032924938944547,20.390164511554435,1249.141427504812,18850.908162372543,894450.8771094999,0.0,351.0,352.0,1024.4952423714717,29.52758998443863,335.56003578154196,46.931599190278256,29.52758998443863,392.08154295792536,362.55395297348673,-4.129238236989012,20.520609559956185,820.8119443652517,16578.713400955676,805344.0858757007,0.0,465.0,464.0,392.08154295792536,29.52758998443863,412.43969495131034,78.78767795650167,354.7048467750917,1024.4952423714717,669.79039559638,5.889140048493564,37.08376812161787,1163.4660764408986,20537.76879544876,989855.2678831447,0.0,463.0,463.0,1024.4952423714717,354.7048467750917
